{
    "model_name": "LightGBM",
    "timestamp": "20251031_235955",
    "best_params": {
        "n_estimators": 100,
        "learning_rate": 0.1,
        "max_depth": -1,
        "num_leaves": 31,
        "min_child_samples": 20,
        "subsample": 0.8,
        "colsample_bytree": 0.8,
        "reg_alpha": 0.0,
        "reg_lambda": 0.0,
        "random_state": 42,
        "verbose": -1
    },
    "training_history": {
        "n_estimators": 86
    },
    "experiment_name": "lightgbm_experiment",
    "training_results": {
        "status": "completed",
        "final_metrics": {
            "rmse": 0.5541975601491385,
            "mae": 0.4383384213610802,
            "mse": 0.3071349356752579,
            "r2": 0.9358458015568378,
            "mape": 5.920737431831354,
            "mean_residual": -0.0025607452620066383,
            "std_residual": 0.5541916439815391,
            "max_error": 1.9011641275192437,
            "inference_time_seconds": 0.005803200001537334,
            "samples_per_second": 137854.97652813463,
            "time_per_sample_ms": 0.007254000001921668
        }
    }
}